row_type,run_id,run_key,category,category_description,difficulty,difficulty_description,difficulty_knobs,difficulty_requirements,variant_index,scenario_id,scenario_description,scenario_spec_path,scene_objects_path,scenario_objects_json,scenario_generation_success,validation_score,failure_state,failure_reason,pipeline_attempts,pipeline_attempts_used,repair_attempts_total,repair_outer_attempts,repair_schema_attempts,schema_template_fallback,repair_object_stage1_json,repair_object_stage1_evidence,repair_object_stage2_json,repair_object_stage2_validation,routes_dir,route_files,route_generation_success,scene_png_path,carla_results_tag,carla_results_dir,carla_image_dir,carla_simulation_success,video_path,video_generation_success,state_history,start_time,end_time,elapsed_s,csv_committed_at
scenario_run,Pedestrian_Crosswalk_20260120_171817,Pedestrian_Crosswalk_d4,Pedestrian Crosswalk,"D1-D3: Focus on vehicle count (2/3/4 cars), single pedestrian. D4-D5: Focus on pedestrian count (2/3 pedestrians) spawning behind parked vehicle occlusions. NO moving NPC vehicles or cyclists. | conflict_via: walker actor with cross_perpendicular motion; Timing via when=on_approach; Multiple vehicles encountering the same pedestrian crossing; Occlusion hiding pedestrian from oncoming vehicles (d4-d5) | difficulty_knobs: D1-D3: Vehicle count (2/3/4 cars); D4-D5: Pedestrian count (2/3 pedestrians); Occlusion actors (required d4-d5, pedestrians spawn behind); Trigger distance variation | variation_axes: ego_count: d1=2, d2=3, d3=4 vehicles (linear scaling for d1-d3); ego_count: 2-3 vehicles for d4-d5 (pedestrian-focused); walker_count: 1 for d1-d3, d4=2, d5=3 pedestrians; walker_start: right_edge vs left_edge (ALWAYS start from side of road); crossing_direction: left vs right; timing_phase: on_approach (pedestrian triggers when vehicle approaches); trigger_distance: 8-12m (vary occasionally for harder scenarios); occlusion: none (d1-d3) vs parked_vehicle blocking view (d4-d5 required); parked_lateral: right_edge vs offroad_right (NOT in driving path); occlusion_type: large parked vehicles (box truck, van, bus, delivery truck)",4,"requirements: Pedestrians MUST start from side of road (right_edge or left_edge), never center.; NO moving NPC vehicles, cyclists, or obstacles blocking vehicle paths allowed.; MUST have exactly 2 walker actors (d4=2, d5=3 pedestrians).; Include 2-3 ego vehicles (enough for pedestrians to cross multiple paths).; Pedestrians spawn BEHIND parked_vehicle occlusions (large trucks, vans, buses positioned roadside/offroad).; Occlusions block VIEW only - NOT in driving path of ego vehicles.; Trigger distance can vary between 8-12m (not always 8m).; At least 2 inter-vehicle constraints total.; At least 3 ego vehicles.; At least 3 constraints total.; Do NOT place all vehicles in the same lane with identical maneuvers. | knobs: D1-D3: Vehicle count (2/3/4 cars); D4-D5: Pedestrian count (2/3 pedestrians); Occlusion actors (required d4-d5, pedestrians spawn behind); Trigger distance variation","D1-D3: Vehicle count (2/3/4 cars); D4-D5: Pedestrian count (2/3 pedestrians); Occlusion actors (required d4-d5, pedestrians spawn behind); Trigger distance variation","Pedestrians MUST start from side of road (right_edge or left_edge), never center.; NO moving NPC vehicles, cyclists, or obstacles blocking vehicle paths allowed.; MUST have exactly 2 walker actors (d4=2, d5=3 pedestrians).; Include 2-3 ego vehicles (enough for pedestrians to cross multiple paths).; Pedestrians spawn BEHIND parked_vehicle occlusions (large trucks, vans, buses positioned roadside/offroad).; Occlusions block VIEW only - NOT in driving path of ego vehicles.; Trigger distance can vary between 8-12m (not always 8m).; At least 2 inter-vehicle constraints total.; At least 3 ego vehicles.; At least 3 constraints total.; Do NOT place all vehicles in the same lane with identical maneuvers.",1,,,,,"{""ego_vehicles"":[],""vehicle_constraints"":[],""ego_paths"":[],""npc_actors"":[],""props"":[],""all_actors"":[],""crop_region"":null}",false,,repair_loops,"FileNotFoundError: [Errno 2] No such file or directory: '/data2/marco/CoLMDriver/benchmark_runs/Pedestrian_Crosswalk_20260120_171817/runs/Pedestrian_Crosswalk_d4/pipeline/Pedestrian_Crosswalk_d4_attempt3/scene_objects.json'
Traceback (most recent call last):
  File ""/data2/marco/CoLMDriver/scenario_generator/scenario_generator/pipeline_runner.py"", line 157, in run_full_pipeline
    return self._run_pipeline_direct(
  File ""/data2/marco/CoLMDriver/scenario_generator/scenario_generator/pipeline_runner.py"", line 468, in _run_pipeline_direct
    run_object_placer(placer_args, model=self._model, tokenizer=self._tokenizer)
  File ""/data2/marco/CoLMDriver/scenario_generator/pipeline/step_05_object_placer/main.py"", line 1151, in run_object_placer
    with open(args.out, ""w"", encoding=""utf-8"") as f:
FileNotFoundError: [Errno 2] No such file or directory: '/data2/marco/CoLMDriver/benchmark_runs/Pedestrian_Crosswalk_20260120_171817/runs/Pedestrian_Crosswalk_d4/pipeline/Pedestrian_Crosswalk_d4_attempt3/scene_objects.json'
",3,,4,0,4,0,0,0,0,0,,,,,,,,,,,"[{""state"":""scenario_generation"",""timestamp"":""2026-01-21T01:27:43.612166+00:00""},{""state"":""repair_loops"",""timestamp"":""2026-01-21T01:30:14.982377+00:00""},{""state"":""repair_loops"",""timestamp"":""2026-01-21T01:32:44.186504+00:00""},{""state"":""csv_commit"",""timestamp"":""2026-01-21T01:34:56.149175+00:00""}]",2026-01-21T01:27:43.612156+00:00,2026-01-21T01:34:56.149155+00:00,432.536999,2026-01-21T01:34:56.151321+00:00
scenario_run,Pedestrian_Crosswalk_20260120_171817,Pedestrian_Crosswalk_d5,Pedestrian Crosswalk,"D1-D3: Focus on vehicle count (2/3/4 cars), single pedestrian. D4-D5: Focus on pedestrian count (2/3 pedestrians) spawning behind parked vehicle occlusions. NO moving NPC vehicles or cyclists. | conflict_via: walker actor with cross_perpendicular motion; Timing via when=on_approach; Multiple vehicles encountering the same pedestrian crossing; Occlusion hiding pedestrian from oncoming vehicles (d4-d5) | difficulty_knobs: D1-D3: Vehicle count (2/3/4 cars); D4-D5: Pedestrian count (2/3 pedestrians); Occlusion actors (required d4-d5, pedestrians spawn behind); Trigger distance variation | variation_axes: ego_count: d1=2, d2=3, d3=4 vehicles (linear scaling for d1-d3); ego_count: 2-3 vehicles for d4-d5 (pedestrian-focused); walker_count: 1 for d1-d3, d4=2, d5=3 pedestrians; walker_start: right_edge vs left_edge (ALWAYS start from side of road); crossing_direction: left vs right; timing_phase: on_approach (pedestrian triggers when vehicle approaches); trigger_distance: 8-12m (vary occasionally for harder scenarios); occlusion: none (d1-d3) vs parked_vehicle blocking view (d4-d5 required); parked_lateral: right_edge vs offroad_right (NOT in driving path); occlusion_type: large parked vehicles (box truck, van, bus, delivery truck)",5,"requirements: Pedestrians MUST start from side of road (right_edge or left_edge), never center.; NO moving NPC vehicles, cyclists, or obstacles blocking vehicle paths allowed.; MUST have exactly 3 walker actors (d4=2, d5=3 pedestrians).; Include 2-3 ego vehicles (enough for pedestrians to cross multiple paths).; Pedestrians spawn BEHIND parked_vehicle occlusions (large trucks, vans, buses positioned roadside/offroad).; Occlusions block VIEW only - NOT in driving path of ego vehicles.; Trigger distance can vary between 8-12m (not always 8m).; At least 2 inter-vehicle constraints total.; At least 3 ego vehicles.; At least 3 constraints total.; Do NOT place all vehicles in the same lane with identical maneuvers. | knobs: D1-D3: Vehicle count (2/3/4 cars); D4-D5: Pedestrian count (2/3 pedestrians); Occlusion actors (required d4-d5, pedestrians spawn behind); Trigger distance variation","D1-D3: Vehicle count (2/3/4 cars); D4-D5: Pedestrian count (2/3 pedestrians); Occlusion actors (required d4-d5, pedestrians spawn behind); Trigger distance variation","Pedestrians MUST start from side of road (right_edge or left_edge), never center.; NO moving NPC vehicles, cyclists, or obstacles blocking vehicle paths allowed.; MUST have exactly 3 walker actors (d4=2, d5=3 pedestrians).; Include 2-3 ego vehicles (enough for pedestrians to cross multiple paths).; Pedestrians spawn BEHIND parked_vehicle occlusions (large trucks, vans, buses positioned roadside/offroad).; Occlusions block VIEW only - NOT in driving path of ego vehicles.; Trigger distance can vary between 8-12m (not always 8m).; At least 2 inter-vehicle constraints total.; At least 3 ego vehicles.; At least 3 constraints total.; Do NOT place all vehicles in the same lane with identical maneuvers.",1,,,,,"{""ego_vehicles"":[],""vehicle_constraints"":[],""ego_paths"":[],""npc_actors"":[],""props"":[],""all_actors"":[],""crop_region"":null}",false,,repair_loops,"No crops with on-ramp geometry found for Town05; total=103, on_ramp=0, merge=94, multi_lane=103, oncoming=29",3,,4,0,4,0,0,0,0,0,,,,,,,,,,,"[{""state"":""scenario_generation"",""timestamp"":""2026-01-21T01:34:56.155832+00:00""},{""state"":""repair_loops"",""timestamp"":""2026-01-21T01:37:24.829391+00:00""},{""state"":""repair_loops"",""timestamp"":""2026-01-21T01:40:01.169543+00:00""},{""state"":""csv_commit"",""timestamp"":""2026-01-21T01:40:55.515182+00:00""}]",2026-01-21T01:34:56.155821+00:00,2026-01-21T01:40:55.515159+00:00,359.359338,2026-01-21T01:40:55.517356+00:00
